Workbook

Sheet BAU
A1: Months | B1: BAU Envi | C1: PE Envi | D1: OP Envi | E1: BAU Ecol | F1: PE Ecol | G1: OP Ecol | H1: BAU SocI | I1: PE SocI | J1: OP SocI | K1: BAU CPI | L1: PE CPI | M1: OP CPI
A2: 0 | B2: 74.494774 | C2: 74.514177 | D2: 74.484847 | E2: 5.3268111 | F2: 5.2207879 | G2: 5.3812267 | H2: 61.108541 | I2: 61.117133 | J2: 61.104197 | K2: 56.751957 | L2: 56.745964 | M2: 56.755077
A3: 1 | B3: 71.130023 | C3: 70.572175 | D3: 71.413093 | E3: 22.021275 | F3: 21.843974 | G3: 22.112173 | H3: 65.087399 | I3: 65.095955 | J3: 65.082894 | K3: 60.275446 | L3: 60.063292 | M3: 60.383164
A4: 2 | B4: 65.901707 | C4: 66.791614 | D4: 65.468802 | E4: 31.540819 | F4: 31.988735 | G4: 31.306267 | H4: 67.508311 | I4: 67.557895 | J4: 67.482421 | K4: 61.244281 | L4: 61.640814 | M4: 61.047842
A5: 3 | B5: 56.445039 | C5: 56.449624 | D5: 56.427692 | E5: 19.693233 | F5: 20.418694 | G5: 19.338719 | H5: 68.328552 | I5: 68.422169 | J5: 68.280321 | K5: 56.581162 | L5: 56.74525 | M5: 56.494629
A6: 4 | B6: 59.386146 | C6: 59.458034 | D6: 59.335473 | E6: 11.840289 | F6: 12.151517 | G6: 11.684221 | H6: 68.520532 | I6: 68.627941 | J6: 68.464224 | K6: 56.42106 | L6: 56.548906 | M6: 56.350783
A7: 5 | B7: 61.910833 | C7: 62.089938 | D7: 61.809644 | E7: 9.2288441 | F7: 9.110429 | G7: 9.2728014 | H7: 68.716197 | I7: 68.838495 | J7: 68.651165 | K7: 56.956125 | L7: 57.0593 | M7: 56.896229
A8: 6 | B8: 63.27809 | C8: 63.669644 | D8: 63.068767 | E8: 8.1419025 | F8: 7.6984812 | G8: 8.3556456 | H8: 69.010421 | I8: 69.170719 | J8: 68.925731 | K8: 57.39274 | L8: 57.535037 | M8: 57.313467
A9: 7 | B9: 64.594435 | C9: 66.110612 | D9: 63.729122 | E9: 8.5348526 | F9: 9.1404071 | G9: 8.5169042 | H9: 69.379572 | I9: 69.611311 | J9: 69.257973 | K9: 58.085323 | L9: 58.809984 | M9: 57.729235
A10: 8 | B10: 65.08461 | C10: 66.002455 | D10: 64.461194 | E10: 13.158723 | F10: 14.870827 | G10: 12.171521 | H10: 69.716857 | I10: 69.991043 | J10: 69.563804 | K10: 59.15613 | L10: 59.876279 | M10: 58.711646
A11: 9 | B11: 61.660233 | C11: 61.844028 | D11: 61.569657 | E11: 12.321175 | F11: 12.57261 | G11: 12.049775 | H11: 69.776945 | I11: 70.010435 | J11: 69.643188 | K11: 57.89753 | L11: 58.117104 | M11: 57.756448
A12: 10 | B12: 61.243471 | C12: 61.722293 | D12: 61.013921 | E12: 10.225561 | F12: 9.9888291 | G12: 10.320727 | H12: 69.613357 | I12: 69.806238 | J12: 69.508474 | K12: 57.341149 | L12: 57.562181 | M12: 57.22602
A13: 11 | B13: 61.573752 | C13: 62.331202 | D13: 61.172242 | E13: 9.3825826 | F13: 9.0961277 | G13: 9.5466998 | H13: 69.414599 | I13: 69.606334 | J13: 69.318036 | K13: 57.218439 | L13: 57.525011 | M13: 57.060437
... A62: 60 | B62: 58.628357 | C62: 65.509434 | D62: 53.721674 | E62: 9.4233088 | F62: 9.034161 | G62: 9.7659769 | H62: 69.039566 | I62: 69.612415 | J62: 68.751597 | K62: 56.042136 | L62: 58.590761 | M62: 54.295832

Sheet BAI
A1: Months | B1: BAU EnviI | C1: BAU-P EnviI | D1: BAU-W EnviI | E1: BAU-PW EnviI | F1: BAU Ecol | G1: BAU-P Ecol | H1: BAU-W Ecol | I1: BAU-PW Ecol | J1: BAU SocI | K1: BAU-P SocI | L1: BAU-W SocI | M1: BAU-PW SocI | N1: BAU CPI | O1: BAU-P CPI | P1: BAU-W CPI | Q1: BAU-PW CPI
A2: 0 | B2: 74.494774 | C2: 73.803982 | D2: 74.826949 | E2: 73.920831 | F2: 5.3268111 | G2: 6.2268247 | H2: 7.000623 | I2: 8.095653 | J2: 61.108541 | K2: 61.224344 | L2: 76.349086 | M2: 69.439672 | N2: 56.751957 | O2: 56.720317 | P2: 64.803179 | Q2: 61.193055
A3: 1 | B3: 71.130023 | C3: 66.937219 | D3: 72.085338 | E3: 66.802184 | F3: 22.021275 | G3: 22.782195 | H3: 23.684338 | I3: 24.439187 | J3: 65.087399 | K3: 65.177857 | L3: 76.933979 | M3: 71.573056 | N3: 60.275446 | O3: 59.027107 | P3: 66.826556 | Q3: 62.464799
A4: 2 | B4: 65.901707 | C4: 93.819723 | D4: 64.757337 | E4: 94.286508 | F4: 31.540819 | G4: 37.088029 | H4: 30.3137 | I4: 38.238392 | J4: 67.508311 | K4: 67.96505 | L4: 77.282091 | M4: 73.068043 | N4: 61.244281 | O4: 71.778087 | P4: 65.583485 | Q4: 74.687715
A5: 3 | B5: 56.445039 | C5: 64.589772 | D5: 57.239076 | E5: 63.278539 | F5: 19.693233 | G5: 40.036944 | H5: 18.239497 | I5: 39.592995 | J5: 68.328552 | K5: 69.425571 | L5: 77.40962 | M5: 73.829424 | N5: 56.581162 | O5: 63.118389 | P5: 61.189717 | Q5: 64.822385
A6: 4 | B6: 59.386146 | C6: 56.763323 | D6: 60.723307 | E6: 56.968016 | F6: 11.840289 | G6: 26.070593 | H6: 10.457108 | I6: 25.990485 | J6: 68.520532 | K6: 69.534236 | L6: 77.460244 | M6: 73.898045 | N6: 56.42106 | O6: 58.310109 | P6: 61.15296 | Q6: 60.563401
A7: 5 | B7: 61.910833 | C7: 58.413841 | D7: 63.589915 | E7: 59.045691 | F7: 9.2288441 | G7: 20.547831 | H7: 8.2236087 | I7: 21.267828 | J7: 68.716197 | K7: 69.200733 | L7: 77.521353 | M7: 73.769373 | N7: 56.956125 | O7: 57.820618 | P7: 61.795794 | Q7: 60.448467
A8: 6 | B8: 63.27809 | C8: 60.349109 | D8: 66.383667 | E8: 61.11174 | F8: 8.1419025 | G8: 17.148577 | H8: 9.9301102 | I8: 18.962096 | J8: 69.010421 | K8: 68.927071 | L8: 77.596462 | M8: 73.685635 | N8: 57.39274 | O8: 57.795164 | P8: 63.047882 | Q8: 60.736725
A9: 7 | B9: 64.594435 | C9: 62.089411 | D9: 66.20992 | E9: 62.675945 | F9: 8.5348526 | G9: 14.684047 | H9: 13.977107 | I9: 17.450594 | J9: 69.379572 | K9: 68.904471 | L9: 77.655792 | M9: 73.7167 | N9: 58.085323 | O9: 57.979011 | P9: 63.662931 | Q9: 61.039775
A10: 8 | B10: 65.08461 | C10: 63.549077 | D10: 62.631688 | E10: 63.823825 | F10: 13.158723 | G10: 13.411515 | H10: 11.616525 | I10: 16.920327 | J10: 69.716857 | K10: 69.19663 | L10: 77.664925 | M10: 73.876361 | N10: 59.15613 | O10: 58.416247 | P10: 62.084465 | Q10: 61.42317
A11: 9 | B11: 61.660233 | C11: 69.67381 | D11: 62.627227 | E11: 69.459859 | F11: 12.321175 | G11: 17.572733 | H11: 8.9693161 | I11: 21.732734 | J11: 69.776945 | K11: 69.760125 | L11: 77.643814 | M11: 74.1273 | N11: 57.89753 | O11: 61.428813 | P11: 61.651202 | Q11: 64.217054
A12: 10 | B12: 61.243471 | C12: 71.220792 | D12: 63.205779 | E12: 66.961635 | F12: 10.225561 | G12: 26.387981 | H12: 8.2638205 | I12: 26.881594 | J12: 69.613357 | K12: 70.233967 | L12: 77.622585 | M12: 74.272659 | N12: 57.341149 | O12: 63.591788 | P12: 61.723524 | Q12: 64.26627
A13: 11 | B13: 61.573752 | C13: 61.457251 | D13: 63.636151 | E13: 61.371378 | F13: 9.3825826 | G13: 23.783464 | H13: 8.2425361 | I13: 23.397903 | J13: 69.414599 | K13: 70.095824 | L13: 77.609393 | M13: 74.14796 | N13: 57.218439 | O13: 59.813038 | P13: 61.858732 | Q13: 61.762768
... A62: 60 | B62: 58.628357 | C62: 57.540369 | D62: 60.587233 | E62: 59.675672 | F62: 9.4233088 | G62: 23.264244 | H62: 8.9313013 | I62: 18.320574 | J62: 69.039566 | K62: 69.704493 | L62: 77.500298 | M62: 73.49774 | N62: 56.042136 | O62: 58.211607 | P62: 60.884473 | Q62: 60.055449

Sheet BAV-OP
A1: Months | B1: BAU EnviI | C1: OP-P EnviI | D1: OP-W EnviI | E1: OP-PW EnviI | F1: BAU Ecol | G1: OP-P Ecol | H1: OP-W Ecol | I1: OP-PW Ecol | J1: BAU SocI | K1: OP-P SocI | L1: OP-W SocI | M1: OP-PW SocI | N1: BAU CPI | O1: OP-P CPI | P1: OP-W CPI | Q1: OP-PW CPI
A2: 0 | B2: 74.494774 | C2: 73.795185 | D2: 74.817984 | E2: 73.911801 | F2: 5.3268111 | G2: 6.2865172 | H2: 7.0635536 | I2: 8.1553694 | J2: 61.108541 | K2: 61.220904 | L2: 76.348621 | M2: 69.437858 | N2: 56.751957 | O2: 56.725113 | P2: 64.809931 | Q2: 61.198594
A3: 1 | B3: 71.130023 | C3: 66.929717 | D3: 72.369971 | E3: 66.794887 | F3: 22.021275 | G3: 22.876954 | H3: 23.779818 | I3: 24.532376 | J3: 65.087399 | K3: 65.175235 | L3: 76.933328 | M3: 71.571674 | N3: 60.275446 | O3: 59.03833 | P3: 66.937471 | Q3: 62.476466
A4: 2 | B4: 65.901707 | C4: 93.945045 | D4: 64.399059 | E4: 94.157927 | F4: 31.540819 | G4: 37.194442 | H4: 30.015003 | I4: 38.339834 | J4: 67.508311 | K4: 67.958315 | L4: 77.278271 | M4: 73.063366 | N4: 61.244281 | O4: 71.833917 | P4: 65.413138 | Q4: 74.658107
A5: 3 | B5: 56.445039 | C5: 63.772934 | D5: 57.258169 | E5: 62.544792 | F5: 19.693233 | G5: 39.578346 | H5: 17.893354 | I5: 39.12092 | J5: 68.328552 | K5: 69.384994 | L5: 77.40303 | M5: 73.806071 | N5: 56.581162 | O5: 62.74935 | P5: 61.137776 | Q5: 64.487914
A6: 4 | B6: 59.386146 | C6: 56.687975 | D6: 60.704214 | E6: 56.905999 | F6: 11.840289 | G6: 25.753794 | H6: 10.289649 | I6: 25.701505 | J6: 68.520532 | K6: 69.466314 | L6: 77.452917 | M6: 73.861195 | N6: 56.42106 | O6: 58.200089 | P6: 61.116188 | Q6: 60.477948
A7: 5 | B7: 61.910833 | C7: 58.347317 | D7: 63.503435 | E7: 58.988775 | F7: 9.2288441 | G7: 20.465294 | H7: 8.1623689 | I7: 21.186331 | J7: 68.716197 | K7: 69.120361 | L7: 77.51298 | M7: 73.72721 | N7: 56.956125 | O7: 57.744575 | P7: 61.752652 | Q7: 60.395067
A8: 6 | B8: 63.27809 | C8: 60.236623 | D8: 66.051745 | E8: 61.014141 | F8: 8.1419025 | G8: 17.251483 | H8: 9.6170052 | I8: 19.066501 | J8: 69.010421 | K8: 68.834021 | L8: 77.585919 | M8: 73.637897 | N8: 57.39274 | O8: 57.726728 | P8: 62.880751 | Q8: 60.696364
A9: 7 | B9: 64.594435 | C9: 61.886285 | D9: 65.973211 | E9: 62.484164 | F9: 8.5348526 | G9: 14.902638 | H9: 13.593735 | I9: 17.674352 | J9: 69.379572 | K9: 68.789608 | L9: 77.643861 | M9: 73.657842 | N9: 58.085323 | O9: 57.88741 | P9: 63.516054 | Q9: 60.98102
A10: 8 | B10: 65.08461 | C10: 63.243923 | D10: 62.505364 | E10: 63.518113 | F10: 13.158723 | G10: 13.668419 | H10: 11.515614 | I10: 17.188339 | J10: 69.716857 | K10: 69.047494 | L10: 77.652908 | M10: 73.798592 | N10: 59.15613 | O10: 58.279055 | P10: 62.019732 | Q10: 61.323487
A11: 9 | B11: 61.660233 | C11: 68.201205 | D11: 62.402982 | E11: 68.060286 | F11: 12.321175 | G11: 16.576457 | H11: 9.0470857 | I11: 20.757698 | J11: 69.776945 | K11: 69.570213 | L11: 77.630829 | M11: 74.029017 | N11: 57.89753 | O11: 60.677755 | P11: 61.581362 | Q11: 63.540152
A12: 10 | B12: 61.243471 | C12: 70.736248 | D12: 62.883165 | E12: 66.980261 | F12: 10.225561 | G12: 25.195629 | H12: 8.330414 | I12: 26.273229 | J12: 69.613357 | K12: 70.060891 | L12: 77.606494 | M12: 74.187373 | N12: 57.341149 | O12: 63.151452 | P12: 61.617145 | Q12: 64.132838
A13: 11 | B13: 61.573752 | C13: 61.450612 | D13: 63.249599 | E13: 61.261146 | F13: 9.3825826 | G13: 24.126154 | H13: 8.2290216 | I13: 23.676898 | J13: 69.414599 | K13: 69.993759 | L13: 77.588558 | M13: 74.093329 | N13: 57.218439 | O13: 59.813929 | P13: 61.715644 | Q13: 61.742448
... A62: 60 | B62: 58.628357 | C62: 58.74768 | D62: 56.215524 | E62: 52.201398 | F62: 9.4233088 | G62: 15.578183 | H62: 9.1241434 | I62: 23.095582 | J62: 69.039566 | K62: 68.772699 | L62: 77.45774 | M62: 73.553779 | N62: 56.042136 | O62: 56.927192 | P62: 59.418421 | Q62: 58.320975

Sheet BAV-PE
A1: Months | B1: BAU EnviI | C1: PE-P EnviI | D1: PE-W EnviI | E1: PE-PW EnviI | F1: BAU Ecol | G1: PE-P Ecol | H1: PE-W Ecol | I1: PE-PW Ecol | J1: BAU SocI | K1: PE-P SocI | L1: PE-W SocI | M1: PE-PW SocI | N1: BAU CPI | O1: PE-P CPI | P1: PE-W CPI | Q1: PE-PW CPI
A2: 0 | B2: 74.494774 | C2: 73.821157 | D2: 74.844425 | E2: 73.938465 | F2: 5.3268111 | G2: 6.1099756 | H2: 6.877325 | I2: 7.9787681 | J2: 61.108541 | K2: 61.231156 | L2: 76.350008 | M2: 69.443264 | N2: 56.751957 | O2: 56.710953 | P2: 64.789926 | Q2: 61.182219
A3: 1 | B3: 71.130023 | C3: 66.95136 | D3: 71.495818 | E3: 66.81591 | F3: 22.021275 | G3: 22.596987 | H3: 23.497141 | I3: 24.257073 | J3: 65.087399 | K3: 65.183048 | L3: 76.935022 | M3: 71.575793 | N3: 60.275446 | O3: 59.005029 | P3: 66.598357 | Q3: 62.441838
A4: 2 | B4: 65.901707 | C4: 92.989254 | D4: 65.476693 | E4: 94.076258 | F4: 31.540819 | G4: 36.873972 | H4: 30.877859 | I4: 38.032991 | J4: 67.508311 | K4: 67.978197 | L4: 77.288936 | M4: 73.075583 | N4: 61.244281 | O4: 71.470397 | P4: 65.919439 | Q4: 74.587883
A5: 3 | B5: 56.445039 | C5: 66.310306 | D5: 57.184836 | E5: 64.793264 | F5: 19.693233 | G5: 40.890719 | H5: 18.910667 | I5: 40.479948 | J5: 68.328552 | K5: 69.505745 | L5: 77.421872 | M5: 73.872052 | N5: 56.581162 | O5: 63.875197 | P5: 61.284353 | Q5: 65.496115
A6: 4 | B6: 59.386146 | C6: 56.906743 | D6: 60.75056 | E6: 57.069276 | F6: 11.840289 | G6: 26.753896 | H6: 10.777616 | I6: 26.586906 | J6: 68.520532 | K6: 69.670814 | L6: 77.474016 | M6: 73.967245 | N6: 56.42106 | O6: 58.535972 | P6: 61.220078 | Q6: 60.727292
A7: 5 | B7: 61.910833 | C7: 58.523043 | D7: 63.747649 | E7: 59.130948 | F7: 9.2288441 | G7: 20.721079 | H7: 8.3331928 | I7: 21.408063 | J7: 68.716197 | K7: 69.359334 | L7: 77.537229 | M7: 73.848859 | N7: 56.956125 | O7: 57.964879 | P7: 61.87445 | Q7: 60.539564
A8: 6 | B8: 63.27809 | C8: 60.537134 | D8: 67.000676 | E8: 61.27926 | F8: 8.1419025 | G8: 16.967294 | H8: 10.55572 | I8: 18.739758 | J8: 69.010421 | K8: 69.106112 | L8: 77.616548 | M8: 73.776321 | N8: 57.39274 | O8: 57.919915 | P8: 63.365738 | Q8: 60.803543
A9: 7 | B9: 64.594435 | C9: 62.43637 | D9: 66.639302 | E9: 63.020292 | F9: 8.5348526 | G9: 14.273966 | H9: 14.694588 | I9: 16.999971 | J9: 69.379572 | K9: 69.120678 | L9: 77.678388 | M9: 73.829733 | N9: 58.085323 | O9: 58.13971 | P9: 63.933348 | Q9: 61.1412
A10: 8 | B10: 65.08461 | C10: 64.083626 | D10: 62.864138 | E10: 65.514064 | F10: 13.158723 | G10: 12.91634 | H10: 11.802102 | I10: 16.630051 | J10: 69.716857 | K10: 69.474361 | L10: 77.687774 | M10: 74.027018 | N10: 59.15613 | O10: 58.657689 | P10: 62.203934 | Q10: 62.023239
A11: 9 | B11: 61.660233 | C11: 72.570613 | D11: 63.038615 | E11: 72.203224 | F11: 12.321175 | G11: 19.527394 | H11: 8.8104625 | I11: 23.736731 | J11: 69.776945 | K11: 70.105411 | L11: 77.668665 | M11: 74.310455 | N11: 57.89753 | O11: 62.891176 | P11: 61.777272 | Q11: 65.553861
A12: 10 | B12: 61.243471 | C12: 71.478343 | D12: 63.794224 | E12: 66.442035 | F12: 10.225561 | G12: 28.021594 | H12: 8.1306843 | I12: 27.546426 | J12: 69.613357 | K12: 70.536937 | L12: 77.653417 | M12: 74.42206 | N12: 57.341149 | O12: 64.091115 | P12: 61.916446 | Q12: 64.271903
A13: 11 | B13: 61.573752 | C13: 61.633236 | D13: 64.33899 | E13: 61.64329 | F13: 9.3825826 | G13: 23.150681 | H13: 8.2661823 | I13: 22.813789 | J13: 69.414599 | K13: 70.288042 | L13: 77.649275 | M13: 74.247115 | N13: 57.218439 | O13: 59.868533 | P13: 62.119756 | Q13: 61.811525
... A62: 60 | B62: 58.628357 | C62: 65.126032 | D62: 66.746095 | E62: 65.334507 | F62: 9.4233088 | G62: 12.62669 | H62: 8.777936 | I62: 17.426556 | J62: 69.039566 | K62: 69.000452 | L62: 77.585002 | M62: 73.738683 | N62: 56.042136 | O62: 58.724797 | P62: 62.981127 | Q62: 61.944194

Sheet BAU-ES
A1: Months | B1: Run 1: EnviI | C1: Run 2: EnviI | D1: Run 3: EnviI | E1: Run 4: EnviI | F1: Run 5: EnviI | G1: Run 1: Ecol | H1: Run 2: Ecol | I1: Run 3: Ecol | J1: Run 4: Ecol | K1: Run 5: Ecol | L1: Run 1: SocI | M1: Run 2: SocI | N1: Run 3: SocI | O1: Run 4: SocI | P1: Run 5: SocI | Q1: Run 1: CPI | R1: Run 2: CPI | S1: Run 3: CPI | T1: Run 4: CPI | U1: Run 5: CPI
A2: 0 | B2: 66.340956 | C2: 64.385338 | D2: 68.296574 | E2: 65.441388 | F2: 69.352624 | G2: 5.3268111 | H2: 5.3268111 | I2: 5.3268111 | J2: 5.3268111 | K2: 5.3268111 | L2: 61.108541 | M2: 61.108541 | N2: 61.108541 | O2: 61.108541 | P2: 61.108541 | Q2: 54.000318 | R2: 53.340363 | S2: 54.660274 | T2: 53.696745 | U2: 55.016655
A3: 1 | B3: 64.487009 | C3: 61.597456 | D3: 67.376563 | E3: 63.075112 | F3: 68.85422 | G3: 22.021275 | H3: 22.021275 | I3: 22.021275 | J3: 22.021275 | K3: 22.021275 | L3: 65.087399 | M3: 65.087399 | N3: 65.087399 | O3: 65.087399 | P3: 65.087399 | Q3: 58.033652 | R3: 57.058526 | S3: 59.008779 | T3: 57.557185 | U3: 59.507439
A4: 2 | B4: 49.278889 | C4: 41.618666 | D4: 56.939111 | E4: 45.520822 | F4: 60.841267 | G4: 31.540819 | H4: 31.540819 | I4: 31.540819 | J4: 31.540819 | K4: 31.540819 | L4: 67.508311 | M4: 67.508311 | N4: 67.508311 | O4: 67.508311 | P4: 67.508311 | Q4: 55.63464 | R4: 53.049574 | S4: 58.219707 | T4: 54.36642 | U4: 59.536553
A5: 3 | B5: 30.554865 | C5: 20.89282 | D5: 40.216909 | E5: 25.890072 | F5: 45.214161 | G5: 19.693233 | H5: 19.693233 | I5: 19.693233 | J5: 19.693233 | K5: 19.693233 | L5: 68.328552 | M5: 68.328552 | N5: 68.328552 | O5: 68.328552 | P5: 68.328552 | Q5: 47.844101 | R5: 44.583488 | S5: 51.104715 | T5: 46.269891 | U5: 52.791119
A6: 4 | B6: 37.072055 | C6: 29.690199 | D6: 44.453911 | E6: 33.546911 | F6: 48.310623 | G6: 11.840289 | H6: 11.840289 | I6: 11.840289 | J6: 11.840289 | K6: 11.840289 | L6: 68.520532 | M6: 68.520532 | N6: 68.520532 | O6: 68.520532 | P6: 68.520532 | Q6: 48.890807 | R6: 46.39968 | S6: 51.381935 | T6: 47.70119 | U6: 52.683445
A7: 5 | B7: 43.822842 | C7: 39.113552 | D7: 48.532132 | E7: 41.632928 | F7: 51.051508 | G7: 9.2288441 | H7: 9.2288441 | I7: 9.2288441 | J7: 9.2288441 | K7: 9.2288441 | L7: 68.716197 | M7: 68.716197 | N7: 68.716197 | O7: 68.716197 | P7: 68.716197 | Q7: 50.852038 | R7: 49.262812 | S7: 52.441265 | T7: 50.113016 | U7: 53.291469
A8: 6 | B8: 47.279329 | C8: 43.771227 | D8: 50.78743 | E8: 45.686631 | F8: 52.702833 | G8: 8.1419025 | H8: 8.1419025 | I8: 8.1419025 | J8: 8.1419025 | K8: 8.1419025 | L8: 69.010421 | M8: 69.010421 | N8: 69.010421 | O8: 69.010421 | P8: 69.010421 | Q8: 51.993698 | R8: 50.809832 | S8: 53.177564 | T8: 51.456216 | U8: 53.823948
A9: 7 | B9: 49.379028 | C9: 45.466392 | D9: 53.291665 | E9: 47.562441 | F9: 55.387714 | G9: 8.5348526 | H9: 8.5348526 | I9: 8.5348526 | J9: 8.5348526 | K9: 8.5348526 | L9: 69.379572 | M9: 69.379572 | N9: 69.379572 | O9: 69.379572 | P9: 69.379572 | Q9: 52.950637 | R9: 51.630254 | S9: 54.271019 | T9: 52.3376 | U9: 54.978365
A10: 8 | B10: 48.112881 | C10: 42.298518 | D10: 53.927244 | E10: 45.327034 | F10: 56.95576 | G10: 13.158723 | H10: 13.158723 | I10: 13.158723 | J10: 13.158723 | K10: 13.158723 | L10: 69.716857 | M10: 69.716857 | N10: 69.716857 | O10: 69.716857 | P10: 69.716857 | Q10: 53.428745 | R10: 51.466593 | S10: 55.390896 | T10: 52.488615 | U10: 56.412918
A11: 9 | B11: 40.703607 | C11: 33.431786 | D11: 47.975428 | E11: 37.215323 | F11: 51.758964 | G11: 12.321175 | H11: 12.321175 | I11: 12.321175 | J11: 12.321175 | K11: 12.321175 | L11: 69.776945 | M11: 69.776945 | N11: 69.776945 | O11: 69.776945 | P11: 69.776945 | Q11: 50.825375 | R11: 48.371381 | S11: 53.279369 | T11: 49.648197 | U11: 54.556185
A12: 10 | B12: 40.091016 | C12: 32.761712 | D12: 47.420321 | E12: 36.575619 | F12: 51.234228 | G12: 10.225561 | H12: 10.225561 | I12: 10.225561 | J12: 10.225561 | K12: 10.225561 | L12: 69.613357 | M12: 69.613357 | N12: 69.613357 | O12: 69.613357 | P12: 69.613357 | Q12: 50.20291 | R12: 47.729517 | S12: 52.676303 | T12: 49.016582 | U12: 53.963368
A13: 11 | B13: 41.454854 | C13: 34.901532 | D13: 48.008177 | E13: 38.330104 | F13: 51.436749 | G13: 9.3825826 | H13: 9.3825826 | I13: 9.3825826 | J13: 9.3825826 | K13: 9.3825826 | L13: 69.414599 | M13: 69.414599 | N13: 69.414599 | O13: 69.414599 | P13: 69.414599 | Q13: 50.42899 | R13: 48.217465 | S13: 52.640515 | T13: 49.374492 | U13: 53.797543
... A62: 60 | B62: 34.267434 | C62: 26.711863 | D62: 41.823004 | E62: 30.682625 | F62: 45.793766 | G62: 9.4233088 | H62: 9.4233088 | I62: 9.4233088 | J62: 9.4233088 | K62: 9.4233088 | L62: 69.039566 | M62: 69.039566 | N62: 69.039566 | O62: 69.039566 | P62: 69.039566 | Q62: 47.821147 | R62: 45.271397 | S62: 50.370897 | T62: 46.611395 | U62: 51.710895

Sheet Summary
A1: Scenary | B1: Sector / Strategy | C1: Serie | D1: =[1]BAU!H3 -> EnvI | E1: EcoI | F1: SocI | G1: =[1]BAU!K3 -> CPI
A2: BAU | B2: None | C2: =A2 -> BAU | D2: =BAU!B62/100 -> 0.58628357 | E2: =BAU!E62/100 -> 0.094233088 | F2: =BAU!H62/100 -> 0.69039566 | G2: =BAU!K62/100 -> 0.56042136
A3: BAU | B3: P | C3: =A3&"-"&B3 -> BAU-P | D3: =BAI!C62/100 -> 0.57540369 | E3: =BAI!G62/100 -> 0.23264244 | F3: =BAI!K62/100 -> 0.69704493 | G3: =BAI!O62/100 -> 0.58211607 | T3: BAU | U3: 0.74778595 | V3: 0.1379114 | W3: 0.58340996
A4: BAU | B4: W | C4: =A4&"-"&B4 -> BAU-W | D4: =BAI!D62/100 -> 0.60587233 | E4: =BAI!H62/100 -> 0.089313013 | F4: =BAI!L62/100 -> 0.77500298 | G4: =BAI!P62/100 -> 0.60884473 | T4: BAI-P | U4: 0.73987629 | V4: 0.20753668 | W4: 0.59629306
A5: BAU | B5: PW | C5: =A5&"-"&B5 -> BAU-PW | D5: =BAI!E62/100 -> 0.59675672 | E5: =BAI!I62/100 -> 0.18320574 | F5: =BAI!M62/100 -> 0.7349774 | G5: =BAI!Q62/100 -> 0.60055449 | T5: BAI-W | U5: 0.7473199 | V5: 0.13945935 | W5: 0.65919225
A6: OP | B6: P | C6: =A6&"-"&B6 -> OP-P | D6: ='BAV-OP'!C62/100 -> 0.5874768 | E6: ='BAV-OP'!G62/100 -> 0.15578183 | F6: ='BAV-OP'!K62/100 -> 0.68772699 | G6: ='BAV-OP'!O62/100 -> 0.56927192 | T6: BAI-PM | U6: 0.73800259 | V6: 0.20601351 | W6: 0.67214381
A7: OP | B7: W | C7: =A7&"-"&B7 -> OP-W | D7: ='BAV-OP'!D62/100 -> 0.56215524 | E7: ='BAV-OP'!H62/100 -> 0.091241434 | F7: ='BAV-OP'!L62/100 -> 0.7745774 | G7: ='BAV-OP'!P62/100 -> 0.59418421 | T7: BAI-I | U7: 0.74575999 | V7: 0.124292 | W7: 0.58645852
A8: OP | B8: PW | C8: =A8&"-"&B8 -> OP-PW | D8: ='BAV-OP'!E62/100 -> 0.52201398 | E8: ='BAV-OP'!I62/100 -> 0.23095582 | F8: ='BAV-OP'!M62/100 -> 0.73553779 | G8: ='BAV-OP'!Q62/100 -> 0.58320975 | T8: BAI-M | U8: 0.74656215 | V8: 0.13705641 | W8: 0.5659035
A9: PE | B9: P | C9: =A9&"-"&B9 -> PE-P | D9: ='BAV-PE'!C62/100 -> 0.65126032 | E9: ='BAV-PE'!G62/100 -> 0.1262669 | F9: ='BAV-PE'!K62/100 -> 0.69000452 | G9: ='BAV-PE'!O62/100 -> 0.58724797 | T9: BAI-IMM | U9: 0.74468044 | V9: 0.129197 | W9: 0.56945126
A10: PE | B10: W | C10: =A10&"-"&B10 -> PE-W | D10: ='BAV-PE'!D62/100 -> 0.66746095 | E10: ='BAV-PE'!H62/100 -> 0.08777936 | F10: ='BAV-PE'!L62/100 -> 0.77585002 | G10: ='BAV-PE'!P62/100 -> 0.62981127 | T10: BAV-OP-PM | U10: 0.71940258 | V10: 0.179101 | W10: 0.63837538
A11: PE | B11: PW | C11: =A11&"-"&B11 -> PE-PW | D11: ='BAV-PE'!E62/100 -> 0.65334507 | E11: ='BAV-PE'!I62/100 -> 0.17426556 | F11: ='BAV-PE'!M62/100 -> 0.73738683 | G11: ='BAV-PE'!Q62/100 -> 0.61944194 | T11: BAV-OP-IMM | U11: 0.71629546 | V11: 0.13755399 | W11: 0.56724444
T12: BAV-OP-AS | U12: 0.71178641 | V12: 0.1686242 | W12: 0.62657389
T13: BAV-PE-PM | U13: 0.78915871 | V13: 0.17821247 | W13: 0.65436724
T14: BAV-PE-IMM | U14: 0.78641088 | V14: 0.13896905 | W14: 0.58150624
C15: Max BAI | D15: =MAX(D3:D5) -> 0.60587233 | E15: =MAX(E3:E5) -> 0.23264244 | F15: =MAX(F3:F5) -> 0.77500298 | G15: =MAX(G3:G5) -> 0.60884473 | T15: BAV-PE-AS | U15: 0.78476451 | V15: 0.17810578 | W15: 0.6470971
C16: Max All | D16: =MAX(D2:D11) -> 0.66746095 | E16: =MAX(E2:E11) -> 0.23264244 | F16: =MAX(F2:F11) -> 0.77585002 | G16: =MAX(G2:G11) -> 0.62981127
C17: Var. BAI | D17: =(D16-D15)/D15 -> 0.10165281 | E17: =(E16-E15)/E15 -> 0 | F17: =(F16-F15)/F15 -> 0.0010929527 | G17: =(G16-G15)/G15 -> 0.034436605
C18: Var. BAU | D18: =(D16-D2)/D2 -> 0.13846096 | E18: =ABS((E16-E2)/E2) -> 1.4687978 | F18: =(F16-F2)/F2 -> 0.12377592 | G18: =(G16-G2)/G2 -> 0.12381739
D21: =D5/$D$2-1 -> 0.017863625 | G21: =G5/$G$2-1 -> 0.071612422
D22: =D8/$D$2-1 -> -0.10962201 | G22: =G8/$G$2-1 -> 0.040662952
D23: =D9/$D$2-1 -> 0.11082821 | G23: =G9/$G$2-1 -> 0.047868647
